{
  "loss": [
    0.46112877130508423,
    0.4341476559638977,
    0.6366260647773743,
    0.38818973302841187,
    0.49262216687202454,
    0.027194904163479805,
    0.26180189847946167,
    0.192874476313591,
    0.09213007986545563,
    0.0029671743977814913,
    0.0013077076291665435,
    0.02107950486242771,
    0.016340255737304688,
    0.018274161964654922,
    0.0023778036702424288,
    0.007764082867652178,
    0.06941289454698563,
    0.07296012341976166,
    0.10579124093055725,
    0.01174156554043293,
    0.060430750250816345,
    0.0011053819907829165,
    0.00313443411141634,
    0.0004210105398669839,
    0.014046009629964828,
    1.0270338862028439e-05,
    0.11585654318332672
  ],
  "acc": [
    0.7692307829856873,
    0.9230769872665405,
    0.7692307829856873,
    0.8461538553237915,
    0.9230769872665405,
    1.0,
    0.9230769872665405,
    0.9230769872665405,
    0.9230769872665405,
    1.0,
    1.0,
    1.0,
    1.0,
    1.0,
    1.0,
    1.0,
    1.0,
    0.9230769872665405,
    0.9230769872665405,
    1.0,
    0.9230769872665405,
    1.0,
    1.0,
    1.0,
    1.0,
    1.0,
    0.9230769872665405
  ],
  "val_top1": [
    0.7259475218658892,
    0.7434402332361516,
    0.7215743440233237,
    0.7157434402332361,
    0.6516034985422741,
    0.6895043731778425,
    0.6865889212827988,
    0.6895043731778425,
    0.6938775510204082,
    0.6778425655976676,
    0.6501457725947521,
    0.6705539358600583,
    0.6720116618075802,
    0.685131195335277,
    0.6807580174927114,
    0.6574344023323615,
    0.6865889212827988,
    0.6822157434402333,
    0.6749271137026239,
    0.685131195335277,
    0.6836734693877551,
    0.6705539358600583,
    0.6574344023323615,
    0.6720116618075802,
    0.6953352769679301,
    0.6836734693877551,
    0.7011661807580175
  ],
  "val_mean_class_acc": [
    0.3395501971244812,
    0.3407306671142578,
    0.377038836479187,
    0.3934066593647003,
    0.39300447702407837,
    0.18380481004714966,
    0.32456690073013306,
    0.2714479863643646,
    0.3441840708255768,
    0.26584669947624207,
    0.38225364685058594,
    0.36322128772735596,
    0.3712945282459259,
    0.2160080522298813,
    0.3660237491130829,
    0.33255302906036377,
    0.2220265418291092,
    0.359623521566391,
    0.2537963092327118,
    0.30885493755340576,
    0.36710360646247864,
    0.36762383580207825,
    0.3345831334590912,
    0.33149200677871704,
    0.34339919686317444,
    0.3379252851009369,
    0.3483971357345581
  ]
}